#Release 14.7 - par P.20131013 (nt64)
#Copyright (c) 1995-2013 Xilinx, Inc.  All rights reserved.

#Tue May 08 16:55:08 2018

#
## NOTE: This file is designed to be imported into a spreadsheet program
# such as Microsoft Excel for viewing, printing and sorting. The |
# character is used as the data field separator. This file is also designed
# to support parsing.
#
#INPUT FILE:       MFU_map.ncd
#OUTPUT FILE:      MFU_pad.csv
#PART TYPE:        xc7a100t
#SPEED GRADE:      -3
#PACKAGE:          csg324
#
# Pinout by Pin Number:
# 
# -----,-----,-----,-----,-----,-----,-----,-----,-----,-----,-----,-----,-----,-----,-----,
Pin Number,Signal Name,Pin Usage,Pin Name,Direction,IO Standard,IO Bank Number,Drive (mA),Slew Rate,Termination,IOB Delay,Voltage,Constraint,IO Register,Signal Integrity,
A1,BusB<7>,IOB,IO_L9N_T1_DQS_AD7N_35,INPUT,LVCMOS18*,35,,,,NONE,,UNLOCATED,NO,NONE,
A2,,,GND,,,,,,,,,,,,
A3,BusB<13>,IOB,IO_L8N_T1_AD14N_35,INPUT,LVCMOS18*,35,,,,NONE,,UNLOCATED,NO,NONE,
A4,F<31>,IOB,IO_L8P_T1_AD14P_35,OUTPUT,LVCMOS18*,35,12,SLOW,,,,UNLOCATED,YES,NONE,
A5,F<22>,IOB,IO_L3N_T0_DQS_AD5N_35,OUTPUT,LVCMOS18*,35,12,SLOW,,,,UNLOCATED,YES,NONE,
A6,F<19>,IOB,IO_L3P_T0_DQS_AD5P_35,OUTPUT,LVCMOS18*,35,12,SLOW,,,,UNLOCATED,YES,NONE,
A7,,,VCCO_35,,,35,,,,,1.80,,,,
A8,F<7>,IOB,IO_L12N_T1_MRCC_16,OUTPUT,LVCMOS18*,16,12,SLOW,,,,UNLOCATED,YES,NONE,
A9,F<13>,IOB,IO_L14N_T2_SRCC_16,OUTPUT,LVCMOS18*,16,12,SLOW,,,,UNLOCATED,YES,NONE,
A10,F<12>,IOB,IO_L14P_T2_SRCC_16,OUTPUT,LVCMOS18*,16,12,SLOW,,,,UNLOCATED,YES,NONE,
A11,BusA<4>,IOB,IO_L4N_T0_15,INPUT,LVCMOS18*,15,,,,NONE,,UNLOCATED,NO,NONE,
A12,,,GND,,,,,,,,,,,,
A13,BusB<1>,IOB,IO_L9P_T1_DQS_AD3P_15,INPUT,LVCMOS18*,15,,,,NONE,,UNLOCATED,NO,NONE,
A14,BusA<14>,IOB,IO_L9N_T1_DQS_AD3N_15,INPUT,LVCMOS18*,15,,,,NONE,,UNLOCATED,NO,NONE,
A15,BusA<12>,IOB,IO_L8P_T1_AD10P_15,INPUT,LVCMOS18*,15,,,,NONE,,UNLOCATED,NO,NONE,
A16,BusB<12>,IOB,IO_L8N_T1_AD10N_15,INPUT,LVCMOS18*,15,,,,NONE,,UNLOCATED,NO,NONE,
A17,,,VCCO_15,,,15,,,,,1.80,,,,
A18,BusA<19>,IOB,IO_L10N_T1_AD11N_15,INPUT,LVCMOS18*,15,,,,NONE,,UNLOCATED,NO,NONE,
B1,BusA<15>,IOB,IO_L9P_T1_DQS_AD7P_35,INPUT,LVCMOS18*,35,,,,NONE,,UNLOCATED,NO,NONE,
B2,C,IOB,IO_L10N_T1_AD15N_35,OUTPUT,LVCMOS18*,35,12,SLOW,,,,UNLOCATED,YES,NONE,
B3,BusB<6>,IOB,IO_L10P_T1_AD15P_35,INPUT,LVCMOS18*,35,,,,NONE,,UNLOCATED,NO,NONE,
B4,F<27>,IOB,IO_L7N_T1_AD6N_35,OUTPUT,LVCMOS18*,35,12,SLOW,,,,UNLOCATED,YES,NONE,
B5,,,GND,,,,,,,,,,,,
B6,F<20>,IOB,IO_L2N_T0_AD12N_35,OUTPUT,LVCMOS18*,35,12,SLOW,,,,UNLOCATED,YES,NONE,
B7,N,IOB,IO_L2P_T0_AD12P_35,OUTPUT,LVCMOS18*,35,12,SLOW,,,,UNLOCATED,YES,NONE,
B8,F<8>,IOB,IO_L12P_T1_MRCC_16,OUTPUT,LVCMOS18*,16,12,SLOW,,,,UNLOCATED,YES,NONE,
B9,F<6>,IOB,IO_L11N_T1_SRCC_16,OUTPUT,LVCMOS18*,16,12,SLOW,,,,UNLOCATED,YES,NONE,
B10,,,VCCO_16,,,16,,,,,1.80,,,,
B11,BusA<5>,IOB,IO_L4P_T0_15,INPUT,LVCMOS18*,15,,,,NONE,,UNLOCATED,NO,NONE,
B12,BusA<1>,IOB,IO_L3N_T0_DQS_AD1N_15,INPUT,LVCMOS18*,15,,,,NONE,,UNLOCATED,NO,NONE,
B13,BusA<6>,IOB,IO_L2P_T0_AD8P_15,INPUT,LVCMOS18*,15,,,,NONE,,UNLOCATED,NO,NONE,
B14,BusA<11>,IOB,IO_L2N_T0_AD8N_15,INPUT,LVCMOS18*,15,,,,NONE,,UNLOCATED,NO,NONE,
B15,,,GND,,,,,,,,,,,,
B16,BusA<10>,IOB,IO_L7P_T1_AD2P_15,INPUT,LVCMOS18*,15,,,,NONE,,UNLOCATED,NO,NONE,
B17,BusA<13>,IOB,IO_L7N_T1_AD2N_15,INPUT,LVCMOS18*,15,,,,NONE,,UNLOCATED,NO,NONE,
B18,BusB<4>,IOB,IO_L10P_T1_AD11P_15,INPUT,LVCMOS18*,15,,,,NONE,,UNLOCATED,NO,NONE,
C1,BusB<16>,IOB,IO_L16N_T2_35,INPUT,LVCMOS18*,35,,,,NONE,,UNLOCATED,NO,NONE,
C2,BusB<25>,IOB,IO_L16P_T2_35,INPUT,LVCMOS18*,35,,,,NONE,,UNLOCATED,NO,NONE,
C3,,,VCCO_35,,,35,,,,,1.80,,,,
C4,F<25>,IOB,IO_L7P_T1_AD6P_35,OUTPUT,LVCMOS18*,35,12,SLOW,,,,UNLOCATED,YES,NONE,
C5,F<18>,IOB,IO_L1N_T0_AD4N_35,OUTPUT,LVCMOS18*,35,12,SLOW,,,,UNLOCATED,YES,NONE,
C6,F<16>,IOB,IO_L1P_T0_AD4P_35,OUTPUT,LVCMOS18*,35,12,SLOW,,,,UNLOCATED,YES,NONE,
C7,F<24>,IOB,IO_L4N_T0_35,OUTPUT,LVCMOS18*,35,12,SLOW,,,,UNLOCATED,YES,NONE,
C8,,,GND,,,,,,,,,,,,
C9,BusA<7>,IOB,IO_L11P_T1_SRCC_16,INPUT,LVCMOS18*,16,,,,NONE,,UNLOCATED,NO,NONE,
C10,F<9>,IOB,IO_L13N_T2_MRCC_16,OUTPUT,LVCMOS18*,16,12,SLOW,,,,UNLOCATED,YES,NONE,
C11,F<15>,IOB,IO_L13P_T2_MRCC_16,OUTPUT,LVCMOS18*,16,12,SLOW,,,,UNLOCATED,YES,NONE,
C12,BusA<8>,IOB,IO_L3P_T0_DQS_AD1P_15,INPUT,LVCMOS18*,15,,,,NONE,,UNLOCATED,NO,NONE,
C13,,,VCCO_15,,,15,,,,,1.80,,,,
C14,F<10>,IOB,IO_L1N_T0_AD0N_15,OUTPUT,LVCMOS18*,15,12,SLOW,,,,UNLOCATED,YES,NONE,
C15,BusA<17>,IOB,IO_L12N_T1_MRCC_15,INPUT,LVCMOS18*,15,,,,NONE,,UNLOCATED,NO,NONE,
C16,BusA<23>,IOB,IO_L20P_T3_A20_15,INPUT,LVCMOS18*,15,,,,NONE,,UNLOCATED,NO,NONE,
C17,BusA<27>,IOB,IO_L20N_T3_A19_15,INPUT,LVCMOS18*,15,,,,NONE,,UNLOCATED,NO,NONE,
C18,,,GND,,,,,,,,,,,,
D1,,,GND,,,,,,,,,,,,
D2,BusB<27>,IOB,IO_L14N_T2_SRCC_35,INPUT,LVCMOS18*,35,,,,NONE,,UNLOCATED,NO,NONE,
D3,BusB<18>,IOB,IO_L12N_T1_MRCC_35,INPUT,LVCMOS18*,35,,,,NONE,,UNLOCATED,NO,NONE,
D4,BusB<11>,IOB,IO_L11N_T1_SRCC_35,INPUT,LVCMOS18*,35,,,,NONE,,UNLOCATED,NO,NONE,
D5,BusB<10>,IOB,IO_L11P_T1_SRCC_35,INPUT,LVCMOS18*,35,,,,NONE,,UNLOCATED,NO,NONE,
D6,,,VCCO_35,,,35,,,,,1.80,,,,
D7,F<28>,IOB,IO_L6N_T0_VREF_35,OUTPUT,LVCMOS18*,35,12,SLOW,,,,UNLOCATED,YES,NONE,
D8,F<21>,IOB,IO_L4P_T0_35,OUTPUT,LVCMOS18*,35,12,SLOW,,,,UNLOCATED,YES,NONE,
D9,BusA<9>,IOB,IO_L6N_T0_VREF_16,INPUT,LVCMOS18*,16,,,,NONE,,UNLOCATED,NO,NONE,
D10,F<14>,IOB,IO_L19N_T3_VREF_16,OUTPUT,LVCMOS18*,16,12,SLOW,,,,UNLOCATED,YES,NONE,
D11,,,GND,,,,,,,,,,,,
D12,BusA<3>,IOB,IO_L6P_T0_15,INPUT,LVCMOS18*,15,,,,NONE,,UNLOCATED,NO,NONE,
D13,BusA<2>,IOB,IO_L6N_T0_VREF_15,INPUT,LVCMOS18*,15,,,,NONE,,UNLOCATED,NO,NONE,
D14,F<11>,IOB,IO_L1P_T0_AD0P_15,OUTPUT,LVCMOS18*,15,12,SLOW,,,,UNLOCATED,YES,NONE,
D15,F<5>,IOB,IO_L12P_T1_MRCC_15,OUTPUT,LVCMOS18*,15,12,SLOW,,,,UNLOCATED,YES,NONE,
D16,,,VCCO_15,,,15,,,,,1.80,,,,
D17,BusA<28>,IOB,IO_L16N_T2_A27_15,INPUT,LVCMOS18*,15,,,,NONE,,UNLOCATED,NO,NONE,
D18,SH<2>,IOB,IO_L21N_T3_DQS_A18_15,INPUT,LVCMOS18*,15,,,,NONE,,UNLOCATED,NO,NONE,
E1,BusB<3>,IOB,IO_L18N_T2_35,INPUT,LVCMOS18*,35,,,,NONE,,UNLOCATED,NO,NONE,
E2,BusB<21>,IOB,IO_L14P_T2_SRCC_35,INPUT,LVCMOS18*,35,,,,NONE,,UNLOCATED,NO,NONE,
E3,F<30>,IOB,IO_L12P_T1_MRCC_35,OUTPUT,LVCMOS18*,35,12,SLOW,,,,UNLOCATED,YES,NONE,
E4,,,GND,,,,,,,,,,,,
E5,F<26>,IOB,IO_L5N_T0_AD13N_35,OUTPUT,LVCMOS18*,35,12,SLOW,,,,UNLOCATED,YES,NONE,
E6,F<23>,IOB,IO_L5P_T0_AD13P_35,OUTPUT,LVCMOS18*,35,12,SLOW,,,,UNLOCATED,YES,NONE,
E7,F<29>,IOB,IO_L6P_T0_35,OUTPUT,LVCMOS18*,35,12,SLOW,,,,UNLOCATED,YES,NONE,
E8,,,VCCBATT_0,,,,,,,,,,,,
E9,,,CCLK_0,,,,,,,,,,,,
E10,,,TCK_0,,,,,,,,,,,,
E11,,,TDI_0,,,,,,,,,,,,
E12,,,TMS_0,,,,,,,,,,,,
E13,,,TDO_0,,,,,,,,,,,,
E14,,,GND,,,,,,,,,,,,
E15,F<4>,IOB,IO_L11P_T1_SRCC_15,OUTPUT,LVCMOS18*,15,12,SLOW,,,,UNLOCATED,YES,NONE,
E16,BusA<20>,IOB,IO_L11N_T1_SRCC_15,INPUT,LVCMOS18*,15,,,,NONE,,UNLOCATED,NO,NONE,
E17,BusA<31>,IOB,IO_L16P_T2_A28_15,INPUT,LVCMOS18*,15,,,,NONE,,UNLOCATED,NO,NONE,
E18,SH<1>,IOB,IO_L21P_T3_DQS_15,INPUT,LVCMOS18*,15,,,,NONE,,UNLOCATED,NO,NONE,
F1,BusB<15>,IOB,IO_L18P_T2_35,INPUT,LVCMOS18*,35,,,,NONE,,UNLOCATED,NO,NONE,
F2,,,VCCO_35,,,35,,,,,1.80,,,,
F3,BusB<31>,IOB,IO_L13N_T2_MRCC_35,INPUT,LVCMOS18*,35,,,,NONE,,UNLOCATED,NO,NONE,
F4,BusB<9>,IOB,IO_L13P_T2_MRCC_35,INPUT,LVCMOS18*,35,,,,NONE,,UNLOCATED,NO,NONE,
F5,BusA<16>,IOB,IO_0_35,INPUT,LVCMOS18*,35,,,,NONE,,UNLOCATED,NO,NONE,
F6,BusB<2>,IOB,IO_L19N_T3_VREF_35,INPUT,LVCMOS18*,35,,,,NONE,,UNLOCATED,NO,NONE,
F7,,,GND,,,,,,,,,,,,
F8,,,VCCINT,,,,,,,,1.0,,,,
F9,,,GND,,,,,,,,,,,,
F10,,,VCCBRAM,,,,,,,,,,,,
F11,,,GND,,,,,,,,,,,,
F12,,,VCCAUX,,,,,,,,1.8,,,,
F13,BusB<14>,IOB,IO_L5P_T0_AD9P_15,INPUT,LVCMOS18*,15,,,,NONE,,UNLOCATED,NO,NONE,
F14,BusA<0>,IOB,IO_L5N_T0_AD9N_15,INPUT,LVCMOS18*,15,,,,NONE,,UNLOCATED,NO,NONE,
F15,F<0>,IOB,IO_L14P_T2_SRCC_15,OUTPUT,LVCMOS18*,15,12,SLOW,,,,UNLOCATED,YES,NONE,
F16,BusB<5>,IOB,IO_L14N_T2_SRCC_15,INPUT,LVCMOS18*,15,,,,NONE,,UNLOCATED,NO,NONE,
F17,,,GND,,,,,,,,,,,,
F18,BusA<29>,IOB,IO_L22N_T3_A16_15,INPUT,LVCMOS18*,15,,,,NONE,,UNLOCATED,NO,NONE,
G1,BusA<21>,IOB,IO_L17N_T2_35,INPUT,LVCMOS18*,35,,,,NONE,,UNLOCATED,NO,NONE,
G2,BusB<17>,IOB,IO_L15N_T2_DQS_35,INPUT,LVCMOS18*,35,,,,NONE,,UNLOCATED,NO,NONE,
G3,BusA<30>,IOB,IO_L20N_T3_35,INPUT,LVCMOS18*,35,,,,NONE,,UNLOCATED,NO,NONE,
G4,BusB<19>,IOB,IO_L20P_T3_35,INPUT,LVCMOS18*,35,,,,NONE,,UNLOCATED,NO,NONE,
G5,,,VCCO_35,,,35,,,,,1.80,,,,
G6,BusB<8>,IOB,IO_L19P_T3_35,INPUT,LVCMOS18*,35,,,,NONE,,UNLOCATED,NO,NONE,
G7,,,VCCINT,,,,,,,,1.0,,,,
G8,,,GND,,,,,,,,,,,,
G9,,,VCCINT,,,,,,,,1.0,,,,
G10,,,GND,,,,,,,,,,,,
G11,,,VCCBRAM,,,,,,,,,,,,
G12,,,GND,,,,,,,,,,,,
G13,F<17>,IOB,IO_0_15,OUTPUT,LVCMOS18*,15,12,SLOW,,,,UNLOCATED,YES,NONE,
G14,V,IOB,IO_L15N_T2_DQS_ADV_B_15,OUTPUT,LVCMOS18*,15,12,SLOW,,,,UNLOCATED,NO,NONE,
G15,,,VCCO_15,,,15,,,,,1.80,,,,
G16,BusB<0>,IOB,IO_L13N_T2_MRCC_15,INPUT,LVCMOS18*,15,,,,NONE,,UNLOCATED,NO,NONE,
G17,BusB<26>,IOB,IO_L18N_T2_A23_15,INPUT,LVCMOS18*,15,,,,NONE,,UNLOCATED,NO,NONE,
G18,SH<0>,IOB,IO_L22P_T3_A17_15,INPUT,LVCMOS18*,15,,,,NONE,,UNLOCATED,NO,NONE,
H1,BusB<28>,IOB,IO_L17P_T2_35,INPUT,LVCMOS18*,35,,,,NONE,,UNLOCATED,NO,NONE,
H2,BusB<20>,IOB,IO_L15P_T2_DQS_35,INPUT,LVCMOS18*,35,,,,NONE,,UNLOCATED,NO,NONE,
H3,,,GND,,,,,,,,,,,,
H4,Z,IOB,IO_L21N_T3_DQS_35,OUTPUT,LVCMOS18*,35,12,SLOW,,,,UNLOCATED,NO,NONE,
H5,FS<4>,IOB,IO_L24N_T3_35,INPUT,LVCMOS18*,35,,,,NONE,,UNLOCATED,NO,NONE,
H6,FS<2>,IOB,IO_L24P_T3_35,INPUT,LVCMOS18*,35,,,,NONE,,UNLOCATED,NO,NONE,
H7,,,GND,,,,,,,,,,,,
H8,,,VCCINT,,,,,,,,1.0,,,,
H9,,,GNDADC_0,,,,,,,,,,,,
H10,,,VCCADC_0,,,,,,,,,,,,
H11,,,GND,,,,,,,,,,,,
H12,,,VCCAUX,,,,,,,,1.8,,,,
H13,,,GND,,,,,,,,,,,,
H14,BusA<22>,IOB,IO_L15P_T2_DQS_15,INPUT,LVCMOS18*,15,,,,NONE,,UNLOCATED,NO,NONE,
H15,BusA<26>,IOB,IO_L19N_T3_A21_VREF_15,INPUT,LVCMOS18*,15,,,,NONE,,UNLOCATED,NO,NONE,
H16,F<1>,IOB,IO_L13P_T2_MRCC_15,OUTPUT,LVCMOS18*,15,12,SLOW,,,,UNLOCATED,YES,NONE,
H17,BusA<18>,IOB,IO_L18P_T2_A24_15,INPUT,LVCMOS18*,15,,,,NONE,,UNLOCATED,NO,NONE,
H18,,,VCCO_15,,,15,,,,,1.80,,,,
J1,,,VCCO_35,,,35,,,,,1.80,,,,
J2,SH<4>,IOB,IO_L22N_T3_35,INPUT,LVCMOS18*,35,,,,NONE,,UNLOCATED,NO,NONE,
J3,BusB<30>,IOB,IO_L22P_T3_35,INPUT,LVCMOS18*,35,,,,NONE,,UNLOCATED,NO,NONE,
J4,BusB<29>,IOB,IO_L21P_T3_DQS_35,INPUT,LVCMOS18*,35,,,,NONE,,UNLOCATED,NO,NONE,
J5,BusB<24>,IOB,IO_25_35,INPUT,LVCMOS18*,35,,,,NONE,,UNLOCATED,NO,NONE,
J6,,,GND,,,,,,,,,,,,
J7,,,VCCINT,,,,,,,,1.0,,,,
J8,,,GND,,,,,,,,,,,,
J9,,,VREFN_0,,,,,,,,,,,,
J10,,IPAD,VP_0,UNUSED,,0,,,,,,,,,
J11,,,VCCINT,,,,,,,,1.0,,,,
J12,,,GND,,,,,,,,,,,,
J13,BusA<24>,IOB,IO_L17N_T2_A25_15,INPUT,LVCMOS18*,15,,,,NONE,,UNLOCATED,NO,NONE,
J14,SH<3>,IOB,IO_L19P_T3_A22_15,INPUT,LVCMOS18*,15,,,,NONE,,UNLOCATED,NO,NONE,
J15,FS<3>,IOB,IO_L24N_T3_RS0_15,INPUT,LVCMOS18*,15,,,,NONE,,UNLOCATED,NO,NONE,
J16,,,GND,,,,,,,,,,,,
J17,FS<1>,IOB,IO_L23P_T3_FOE_B_15,INPUT,LVCMOS18*,15,,,,NONE,,UNLOCATED,NO,NONE,
J18,F<2>,IOB,IO_L23N_T3_FWE_B_15,OUTPUT,LVCMOS18*,15,12,SLOW,,,,UNLOCATED,YES,NONE,
K1,BusB<23>,IOB,IO_L23N_T3_35,INPUT,LVCMOS18*,35,,,,NONE,,UNLOCATED,NO,NONE,
K2,BusB<22>,IOB,IO_L23P_T3_35,INPUT,LVCMOS18*,35,,,,NONE,,UNLOCATED,NO,NONE,
K3,,IOB33M,IO_L2P_T0_34,UNUSED,,34,,,,,,,,,
K4,,,VCCO_34,,,34,,,,,any******,,,,
K5,,IOB33M,IO_L5P_T0_34,UNUSED,,34,,,,,,,,,
K6,,IOB33,IO_0_34,UNUSED,,34,,,,,,,,,
K7,,,GND,,,,,,,,,,,,
K8,,,VCCINT,,,,,,,,1.0,,,,
K9,,IPAD,VN_0,UNUSED,,0,,,,,,,,,
K10,,,VREFP_0,,,,,,,,,,,,
K11,,,GND,,,,,,,,,,,,
K12,,,VCCAUX,,,,,,,,1.8,,,,
K13,BusA<25>,IOB,IO_L17P_T2_A26_15,INPUT,LVCMOS18*,15,,,,NONE,,UNLOCATED,NO,NONE,
K14,,,VCCO_15,,,15,,,,,1.80,,,,
K15,F<3>,IOB,IO_L24P_T3_RS1_15,OUTPUT,LVCMOS18*,15,12,SLOW,,,,UNLOCATED,YES,NONE,
K16,FS<0>,IOB,IO_25_15,INPUT,LVCMOS18*,15,,,,NONE,,UNLOCATED,NO,NONE,
K17,,IOB33M,IO_L1P_T0_D00_MOSI_14,UNUSED,,14,,,,,,,,,
K18,,IOB33S,IO_L1N_T0_D01_DIN_14,UNUSED,,14,,,,,,,,,
L1,,IOB33M,IO_L1P_T0_34,UNUSED,,34,,,,,,,,,
L2,,,GND,,,,,,,,,,,,
L3,,IOB33S,IO_L2N_T0_34,UNUSED,,34,,,,,,,,,
L4,,IOB33S,IO_L5N_T0_34,UNUSED,,34,,,,,,,,,
L5,,IOB33S,IO_L6N_T0_VREF_34,UNUSED,,34,,,,,,,,,
L6,,IOB33M,IO_L6P_T0_34,UNUSED,,34,,,,,,,,,
L7,,,VCCINT,,,,,,,,1.0,,,,
L8,,,GND,,,,,,,,,,,,
L9,,,DXN_0,,,,,,,,,,,,
L10,,,DXP_0,,,,,,,,,,,,
L11,,,VCCINT,,,,,,,,1.0,,,,
L12,,,GND,,,,,,,,,,,,
L13,,IOB33M,IO_L6P_T0_FCS_B_14,UNUSED,,14,,,,,,,,,
L14,,IOB33M,IO_L2P_T0_D02_14,UNUSED,,14,,,,,,,,,
L15,,IOB33M,IO_L3P_T0_DQS_PUDC_B_14,UNUSED,,14,,,,,,,,,
L16,,IOB33S,IO_L3N_T0_DQS_EMCCLK_14,UNUSED,,14,,,,,,,,,
L17,,,VCCO_14,,,14,,,,,any******,,,,
L18,,IOB33M,IO_L4P_T0_D04_14,UNUSED,,14,,,,,,,,,
M1,,IOB33S,IO_L1N_T0_34,UNUSED,,34,,,,,,,,,
M2,,IOB33S,IO_L4N_T0_34,UNUSED,,34,,,,,,,,,
M3,,IOB33M,IO_L4P_T0_34,UNUSED,,34,,,,,,,,,
M4,,IOB33M,IO_L16P_T2_34,UNUSED,,34,,,,,,,,,
M5,,,GND,,,,,,,,,,,,
M6,,IOB33M,IO_L18P_T2_34,UNUSED,,34,,,,,,,,,
M7,,,GND,,,,,,,,,,,,
M8,,,VCCINT,,,,,,,,1.0,,,,
M9,,,GND,,,,,,,,,,,,
M10,,,VCCINT,,,,,,,,1.0,,,,
M11,,,GND,,,,,,,,,,,,
M12,,,VCCAUX,,,,,,,,1.8,,,,
M13,,IOB33S,IO_L6N_T0_D08_VREF_14,UNUSED,,14,,,,,,,,,
M14,,IOB33S,IO_L2N_T0_D03_14,UNUSED,,14,,,,,,,,,
M15,,,GND,,,,,,,,,,,,
M16,,IOB33M,IO_L10P_T1_D14_14,UNUSED,,14,,,,,,,,,
M17,,IOB33S,IO_L10N_T1_D15_14,UNUSED,,14,,,,,,,,,
M18,,IOB33S,IO_L4N_T0_D05_14,UNUSED,,14,,,,,,,,,
N1,,IOB33S,IO_L3N_T0_DQS_34,UNUSED,,34,,,,,,,,,
N2,,IOB33M,IO_L3P_T0_DQS_34,UNUSED,,34,,,,,,,,,
N3,,,VCCO_34,,,34,,,,,any******,,,,
N4,,IOB33S,IO_L16N_T2_34,UNUSED,,34,,,,,,,,,
N5,,IOB33M,IO_L13P_T2_MRCC_34,UNUSED,,34,,,,,,,,,
N6,,IOB33S,IO_L18N_T2_34,UNUSED,,34,,,,,,,,,
N7,,,VCCINT,,,,,,,,1.0,,,,
N8,,,GND,,,,,,,,,,,,
N9,,,VCCINT,,,,,,,,1.0,,,,
N10,,,GND,,,,,,,,,,,,
N11,,,VCCINT,,,,,,,,1.0,,,,
N12,,,GND,,,,,,,,,,,,
N13,,,VCCO_14,,,14,,,,,any******,,,,
N14,,IOB33M,IO_L8P_T1_D11_14,UNUSED,,14,,,,,,,,,
N15,,IOB33M,IO_L11P_T1_SRCC_14,UNUSED,,14,,,,,,,,,
N16,,IOB33S,IO_L11N_T1_SRCC_14,UNUSED,,14,,,,,,,,,
N17,,IOB33M,IO_L9P_T1_DQS_14,UNUSED,,14,,,,,,,,,
N18,,,GND,,,,,,,,,,,,
P1,,,GND,,,,,,,,,,,,
P2,,IOB33M,IO_L15P_T2_DQS_34,UNUSED,,34,,,,,,,,,
P3,,IOB33S,IO_L14N_T2_SRCC_34,UNUSED,,34,,,,,,,,,
P4,,IOB33M,IO_L14P_T2_SRCC_34,UNUSED,,34,,,,,,,,,
P5,,IOB33S,IO_L13N_T2_MRCC_34,UNUSED,,34,,,,,,,,,
P6,,,VCCO_34,,,34,,,,,any******,,,,
P7,,,INIT_B_0,,,,,,,,,,,,
P8,,,CFGBVS_0,,,,,,,,,,,,
P9,,,PROGRAM_B_0,,,,,,,,,,,,
P10,,,DONE_0,,,,,,,,,,,,
P11,,,M2_0,,,,,,,,,,,,
P12,,,M0_0,,,,,,,,,,,,
P13,,,M1_0,,,,,,,,,,,,
P14,,IOB33S,IO_L8N_T1_D12_14,UNUSED,,14,,,,,,,,,
P15,,IOB33M,IO_L13P_T2_MRCC_14,UNUSED,,14,,,,,,,,,
P16,,,VCCO_14,,,14,,,,,any******,,,,
P17,,IOB33M,IO_L12P_T1_MRCC_14,UNUSED,,14,,,,,,,,,
P18,,IOB33S,IO_L9N_T1_DQS_D13_14,UNUSED,,14,,,,,,,,,
R1,,IOB33M,IO_L17P_T2_34,UNUSED,,34,,,,,,,,,
R2,,IOB33S,IO_L15N_T2_DQS_34,UNUSED,,34,,,,,,,,,
R3,,IOB33M,IO_L11P_T1_SRCC_34,UNUSED,,34,,,,,,,,,
R4,,,GND,,,,,,,,,,,,
R5,,IOB33S,IO_L19N_T3_VREF_34,UNUSED,,34,,,,,,,,,
R6,,IOB33M,IO_L19P_T3_34,UNUSED,,34,,,,,,,,,
R7,,IOB33M,IO_L23P_T3_34,UNUSED,,34,,,,,,,,,
R8,,IOB33M,IO_L24P_T3_34,UNUSED,,34,,,,,,,,,
R9,,,VCCO_0,,,0,,,,,any******,,,,
R10,,IOB33,IO_25_14,UNUSED,,14,,,,,,,,,
R11,,IOB33,IO_0_14,UNUSED,,14,,,,,,,,,
R12,,IOB33M,IO_L5P_T0_D06_14,UNUSED,,14,,,,,,,,,
R13,,IOB33S,IO_L5N_T0_D07_14,UNUSED,,14,,,,,,,,,
R14,,,GND,,,,,,,,,,,,
R15,,IOB33S,IO_L13N_T2_MRCC_14,UNUSED,,14,,,,,,,,,
R16,,IOB33M,IO_L15P_T2_DQS_RDWR_B_14,UNUSED,,14,,,,,,,,,
R17,,IOB33S,IO_L12N_T1_MRCC_14,UNUSED,,14,,,,,,,,,
R18,,IOB33M,IO_L7P_T1_D09_14,UNUSED,,14,,,,,,,,,
T1,,IOB33S,IO_L17N_T2_34,UNUSED,,34,,,,,,,,,
T2,,,VCCO_34,,,34,,,,,any******,,,,
T3,,IOB33S,IO_L11N_T1_SRCC_34,UNUSED,,34,,,,,,,,,
T4,,IOB33S,IO_L12N_T1_MRCC_34,UNUSED,,34,,,,,,,,,
T5,,IOB33M,IO_L12P_T1_MRCC_34,UNUSED,,34,,,,,,,,,
T6,,IOB33S,IO_L23N_T3_34,UNUSED,,34,,,,,,,,,
T7,,,GND,,,,,,,,,,,,
T8,,IOB33S,IO_L24N_T3_34,UNUSED,,34,,,,,,,,,
T9,,IOB33M,IO_L24P_T3_A01_D17_14,UNUSED,,14,,,,,,,,,
T10,,IOB33S,IO_L24N_T3_A00_D16_14,UNUSED,,14,,,,,,,,,
T11,,IOB33M,IO_L19P_T3_A10_D26_14,UNUSED,,14,,,,,,,,,
T12,,,VCCO_14,,,14,,,,,any******,,,,
T13,,IOB33M,IO_L23P_T3_A03_D19_14,UNUSED,,14,,,,,,,,,
T14,,IOB33M,IO_L14P_T2_SRCC_14,UNUSED,,14,,,,,,,,,
T15,,IOB33S,IO_L14N_T2_SRCC_14,UNUSED,,14,,,,,,,,,
T16,,IOB33S,IO_L15N_T2_DQS_DOUT_CSO_B_14,UNUSED,,14,,,,,,,,,
T17,,,GND,,,,,,,,,,,,
T18,,IOB33S,IO_L7N_T1_D10_14,UNUSED,,14,,,,,,,,,
U1,,IOB33M,IO_L7P_T1_34,UNUSED,,34,,,,,,,,,
U2,,IOB33M,IO_L9P_T1_DQS_34,UNUSED,,34,,,,,,,,,
U3,,IOB33S,IO_L8N_T1_34,UNUSED,,34,,,,,,,,,
U4,,IOB33M,IO_L8P_T1_34,UNUSED,,34,,,,,,,,,
U5,,,VCCO_34,,,34,,,,,any******,,,,
U6,,IOB33S,IO_L22N_T3_34,UNUSED,,34,,,,,,,,,
U7,,IOB33M,IO_L22P_T3_34,UNUSED,,34,,,,,,,,,
U8,,IOB33,IO_25_34,UNUSED,,34,,,,,,,,,
U9,,IOB33M,IO_L21P_T3_DQS_34,UNUSED,,34,,,,,,,,,
U10,,,GND,,,,,,,,,,,,
U11,,IOB33S,IO_L19N_T3_A09_D25_VREF_14,UNUSED,,14,,,,,,,,,
U12,,IOB33M,IO_L20P_T3_A08_D24_14,UNUSED,,14,,,,,,,,,
U13,,IOB33S,IO_L23N_T3_A02_D18_14,UNUSED,,14,,,,,,,,,
U14,,IOB33M,IO_L22P_T3_A05_D21_14,UNUSED,,14,,,,,,,,,
U15,,,VCCO_14,,,14,,,,,any******,,,,
U16,,IOB33M,IO_L18P_T2_A12_D28_14,UNUSED,,14,,,,,,,,,
U17,,IOB33M,IO_L17P_T2_A14_D30_14,UNUSED,,14,,,,,,,,,
U18,,IOB33S,IO_L17N_T2_A13_D29_14,UNUSED,,14,,,,,,,,,
V1,,IOB33S,IO_L7N_T1_34,UNUSED,,34,,,,,,,,,
V2,,IOB33S,IO_L9N_T1_DQS_34,UNUSED,,34,,,,,,,,,
V3,,,GND,,,,,,,,,,,,
V4,,IOB33S,IO_L10N_T1_34,UNUSED,,34,,,,,,,,,
V5,,IOB33M,IO_L10P_T1_34,UNUSED,,34,,,,,,,,,
V6,,IOB33S,IO_L20N_T3_34,UNUSED,,34,,,,,,,,,
V7,,IOB33M,IO_L20P_T3_34,UNUSED,,34,,,,,,,,,
V8,,,VCCO_34,,,34,,,,,any******,,,,
V9,,IOB33S,IO_L21N_T3_DQS_34,UNUSED,,34,,,,,,,,,
V10,,IOB33M,IO_L21P_T3_DQS_14,UNUSED,,14,,,,,,,,,
V11,,IOB33S,IO_L21N_T3_DQS_A06_D22_14,UNUSED,,14,,,,,,,,,
V12,,IOB33S,IO_L20N_T3_A07_D23_14,UNUSED,,14,,,,,,,,,
V13,,,GND,,,,,,,,,,,,
V14,,IOB33S,IO_L22N_T3_A04_D20_14,UNUSED,,14,,,,,,,,,
V15,,IOB33M,IO_L16P_T2_CSI_B_14,UNUSED,,14,,,,,,,,,
V16,,IOB33S,IO_L16N_T2_A15_D31_14,UNUSED,,14,,,,,,,,,
V17,,IOB33S,IO_L18N_T2_A11_D27_14,UNUSED,,14,,,,,,,,,
V18,,,VCCO_14,,,14,,,,,any******,,,,

# -----,-----,-----,-----,-----,-----,-----,-----,-----,-----,-----,-----,-----,-----,-----,
# 
#* Default value.
#** This default Pullup/Pulldown value can be overridden in Bitgen. 
#All RSVD_0 pins must be tied to GROUND.
#****** Special VCCO requirements may apply. Please consult the device 
#       family datasheet for specific guideline on VCCO requirements. 
#
#
#