#Release 14.7 - par P.20131013 (nt64)
#Copyright (c) 1995-2013 Xilinx, Inc.  All rights reserved.

#Tue Apr 24 17:47:53 2018

#
## NOTE: This file is designed to be imported into a spreadsheet program
# such as Microsoft Excel for viewing, printing and sorting. The |
# character is used as the data field separator. This file is also designed
# to support parsing.
#
#INPUT FILE:       TOP_MAIN_map.ncd
#OUTPUT FILE:      TOP_MAIN_pad.csv
#PART TYPE:        xc7a100t
#SPEED GRADE:      -3
#PACKAGE:          csg324
#
# Pinout by Pin Number:
# 
# -----,-----,-----,-----,-----,-----,-----,-----,-----,-----,-----,-----,-----,-----,-----,
Pin Number,Signal Name,Pin Usage,Pin Name,Direction,IO Standard,IO Bank Number,Drive (mA),Slew Rate,Termination,IOB Delay,Voltage,Constraint,IO Register,Signal Integrity,
A1,BrA<18>,IOB,IO_L9N_T1_DQS_AD7N_35,INPUT,LVCMOS18*,35,,,,NONE,,UNLOCATED,NO,NONE,
A2,,,GND,,,,,,,,,,,,
A3,BrA<12>,IOB,IO_L8N_T1_AD14N_35,INPUT,LVCMOS18*,35,,,,NONE,,UNLOCATED,NO,NONE,
A4,BrA<11>,IOB,IO_L8P_T1_AD14P_35,INPUT,LVCMOS18*,35,,,,NONE,,UNLOCATED,NO,NONE,
A5,BrA<6>,IOB,IO_L3N_T0_DQS_AD5N_35,INPUT,LVCMOS18*,35,,,,NONE,,UNLOCATED,NO,NONE,
A6,BrA<5>,IOB,IO_L3P_T0_DQS_AD5P_35,INPUT,LVCMOS18*,35,,,,NONE,,UNLOCATED,NO,NONE,
A7,,,VCCO_35,,,35,,,,,1.80,,,,
A8,,IOB33S,IO_L12N_T1_MRCC_16,UNUSED,,16,,,,,,,,,
A9,,IOB33S,IO_L14N_T2_SRCC_16,UNUSED,,16,,,,,,,,,
A10,,IOB33M,IO_L14P_T2_SRCC_16,UNUSED,,16,,,,,,,,,
A11,RAA<7>,IOB,IO_L4N_T0_15,INPUT,LVCMOS18*,15,,,,NONE,,UNLOCATED,NO,NONE,
A12,,,GND,,,,,,,,,,,,
A13,RAA<15>,IOB,IO_L9P_T1_DQS_AD3P_15,INPUT,LVCMOS18*,15,,,,NONE,,UNLOCATED,NO,NONE,
A14,RAA<17>,IOB,IO_L9N_T1_DQS_AD3N_15,INPUT,LVCMOS18*,15,,,,NONE,,UNLOCATED,NO,NONE,
A15,RAA<14>,IOB,IO_L8P_T1_AD10P_15,INPUT,LVCMOS18*,15,,,,NONE,,UNLOCATED,NO,NONE,
A16,RAA<12>,IOB,IO_L8N_T1_AD10N_15,INPUT,LVCMOS18*,15,,,,NONE,,UNLOCATED,NO,NONE,
A17,,,VCCO_15,,,15,,,,,1.80,,,,
A18,RAA<16>,IOB,IO_L10N_T1_AD11N_15,INPUT,LVCMOS18*,15,,,,NONE,,UNLOCATED,NO,NONE,
B1,BrA<16>,IOB,IO_L9P_T1_DQS_AD7P_35,INPUT,LVCMOS18*,35,,,,NONE,,UNLOCATED,NO,NONE,
B2,BrA<17>,IOB,IO_L10N_T1_AD15N_35,INPUT,LVCMOS18*,35,,,,NONE,,UNLOCATED,NO,NONE,
B3,BrA<15>,IOB,IO_L10P_T1_AD15P_35,INPUT,LVCMOS18*,35,,,,NONE,,UNLOCATED,NO,NONE,
B4,BrA<14>,IOB,IO_L7N_T1_AD6N_35,INPUT,LVCMOS18*,35,,,,NONE,,UNLOCATED,NO,NONE,
B5,,,GND,,,,,,,,,,,,
B6,BrA<4>,IOB,IO_L2N_T0_AD12N_35,INPUT,LVCMOS18*,35,,,,NONE,,UNLOCATED,NO,NONE,
B7,BrA<3>,IOB,IO_L2P_T0_AD12P_35,INPUT,LVCMOS18*,35,,,,NONE,,UNLOCATED,NO,NONE,
B8,,IOB33M,IO_L12P_T1_MRCC_16,UNUSED,,16,,,,,,,,,
B9,,IOB33S,IO_L11N_T1_SRCC_16,UNUSED,,16,,,,,,,,,
B10,,,VCCO_16,,,16,,,,,any******,,,,
B11,RAA<6>,IOB,IO_L4P_T0_15,INPUT,LVCMOS18*,15,,,,NONE,,UNLOCATED,NO,NONE,
B12,RAA<5>,IOB,IO_L3N_T0_DQS_AD1N_15,INPUT,LVCMOS18*,15,,,,NONE,,UNLOCATED,NO,NONE,
B13,RAA<2>,IOB,IO_L2P_T0_AD8P_15,INPUT,LVCMOS18*,15,,,,NONE,,UNLOCATED,NO,NONE,
B14,RAA<3>,IOB,IO_L2N_T0_AD8N_15,INPUT,LVCMOS18*,15,,,,NONE,,UNLOCATED,NO,NONE,
B15,,,GND,,,,,,,,,,,,
B16,RAA<11>,IOB,IO_L7P_T1_AD2P_15,INPUT,LVCMOS18*,15,,,,NONE,,UNLOCATED,NO,NONE,
B17,RAA<13>,IOB,IO_L7N_T1_AD2N_15,INPUT,LVCMOS18*,15,,,,NONE,,UNLOCATED,NO,NONE,
B18,RAA<18>,IOB,IO_L10P_T1_AD11P_15,INPUT,LVCMOS18*,15,,,,NONE,,UNLOCATED,NO,NONE,
C1,BrA<31>,IOB,IO_L16N_T2_35,INPUT,LVCMOS18*,35,,,,NONE,,UNLOCATED,NO,NONE,
C2,PCa1<0>,IOB,IO_L16P_T2_35,OUTPUT,LVCMOS18*,35,12,SLOW,,,,UNLOCATED,NO,NONE,
C3,,,VCCO_35,,,35,,,,,1.80,,,,
C4,BrA<13>,IOB,IO_L7P_T1_AD6P_35,INPUT,LVCMOS18*,35,,,,NONE,,UNLOCATED,NO,NONE,
C5,BrA<2>,IOB,IO_L1N_T0_AD4N_35,INPUT,LVCMOS18*,35,,,,NONE,,UNLOCATED,NO,NONE,
C6,BrA<1>,IOB,IO_L1P_T0_AD4P_35,INPUT,LVCMOS18*,35,,,,NONE,,UNLOCATED,NO,NONE,
C7,BrA<8>,IOB,IO_L4N_T0_35,INPUT,LVCMOS18*,35,,,,NONE,,UNLOCATED,NO,NONE,
C8,,,GND,,,,,,,,,,,,
C9,,IOB33M,IO_L11P_T1_SRCC_16,UNUSED,,16,,,,,,,,,
C10,,IOB33S,IO_L13N_T2_MRCC_16,UNUSED,,16,,,,,,,,,
C11,,IOB33M,IO_L13P_T2_MRCC_16,UNUSED,,16,,,,,,,,,
C12,RAA<4>,IOB,IO_L3P_T0_DQS_AD1P_15,INPUT,LVCMOS18*,15,,,,NONE,,UNLOCATED,NO,NONE,
C13,,,VCCO_15,,,15,,,,,1.80,,,,
C14,RAA<1>,IOB,IO_L1N_T0_AD0N_15,INPUT,LVCMOS18*,15,,,,NONE,,UNLOCATED,NO,NONE,
C15,RAA<20>,IOB,IO_L12N_T1_MRCC_15,INPUT,LVCMOS18*,15,,,,NONE,,UNLOCATED,NO,NONE,
C16,PCtoIR<6>,IOB,IO_L20P_T3_A20_15,OUTPUT,LVCMOS18*,15,12,SLOW,,,,UNLOCATED,NO,NONE,
C17,PCa1<6>,IOB,IO_L20N_T3_A19_15,OUTPUT,LVCMOS18*,15,12,SLOW,,,,UNLOCATED,NO,NONE,
C18,,,GND,,,,,,,,,,,,
D1,,,GND,,,,,,,,,,,,
D2,BrA<24>,IOB,IO_L14N_T2_SRCC_35,INPUT,LVCMOS18*,35,,,,NONE,,UNLOCATED,NO,NONE,
D3,BrA<20>,IOB,IO_L12N_T1_MRCC_35,INPUT,LVCMOS18*,35,,,,NONE,,UNLOCATED,NO,NONE,
D4,BrA<21>,IOB,IO_L11N_T1_SRCC_35,INPUT,LVCMOS18*,35,,,,NONE,,UNLOCATED,NO,NONE,
D5,clk,IOB,IO_L11P_T1_SRCC_35,INPUT,LVCMOS18*,35,,,,NONE,,UNLOCATED,NO,NONE,
D6,,,VCCO_35,,,35,,,,,1.80,,,,
D7,BS0,IOB,IO_L6N_T0_VREF_35,INPUT,LVCMOS18*,35,,,,NONE,,UNLOCATED,NO,NONE,
D8,BrA<7>,IOB,IO_L4P_T0_35,INPUT,LVCMOS18*,35,,,,NONE,,UNLOCATED,NO,NONE,
D9,,IOB33S,IO_L6N_T0_VREF_16,UNUSED,,16,,,,,,,,,
D10,,IOB33S,IO_L19N_T3_VREF_16,UNUSED,,16,,,,,,,,,
D11,,,GND,,,,,,,,,,,,
D12,RAA<10>,IOB,IO_L6P_T0_15,INPUT,LVCMOS18*,15,,,,NONE,,UNLOCATED,NO,NONE,
D13,RAA<8>,IOB,IO_L6N_T0_VREF_15,INPUT,LVCMOS18*,15,,,,NONE,,UNLOCATED,NO,NONE,
D14,RAA<0>,IOB,IO_L1P_T0_AD0P_15,INPUT,LVCMOS18*,15,,,,NONE,,UNLOCATED,NO,NONE,
D15,RAA<22>,IOB,IO_L12P_T1_MRCC_15,INPUT,LVCMOS18*,15,,,,NONE,,UNLOCATED,NO,NONE,
D16,,,VCCO_15,,,15,,,,,1.80,,,,
D17,RAA<31>,IOB,IO_L16N_T2_A27_15,INPUT,LVCMOS18*,15,,,,NONE,,UNLOCATED,NO,NONE,
D18,PCa1<7>,IOB,IO_L21N_T3_DQS_A18_15,OUTPUT,LVCMOS18*,15,12,SLOW,,,,UNLOCATED,NO,NONE,
E1,PCa1<2>,IOB,IO_L18N_T2_35,OUTPUT,LVCMOS18*,35,12,SLOW,,,,UNLOCATED,NO,NONE,
E2,PCtoIR<1>,IOB,IO_L14P_T2_SRCC_35,OUTPUT,LVCMOS18*,35,12,SLOW,,,,UNLOCATED,NO,NONE,
E3,BrA<19>,IOB,IO_L12P_T1_MRCC_35,INPUT,LVCMOS18*,35,,,,NONE,,UNLOCATED,NO,NONE,
E4,,,GND,,,,,,,,,,,,
E5,BrA<10>,IOB,IO_L5N_T0_AD13N_35,INPUT,LVCMOS18*,35,,,,NONE,,UNLOCATED,NO,NONE,
E6,BrA<9>,IOB,IO_L5P_T0_AD13P_35,INPUT,LVCMOS18*,35,,,,NONE,,UNLOCATED,NO,NONE,
E7,PS,IOB,IO_L6P_T0_35,INPUT,LVCMOS18*,35,,,,NONE,,UNLOCATED,NO,NONE,
E8,,,VCCBATT_0,,,,,,,,,,,,
E9,,,CCLK_0,,,,,,,,,,,,
E10,,,TCK_0,,,,,,,,,,,,
E11,,,TDI_0,,,,,,,,,,,,
E12,,,TMS_0,,,,,,,,,,,,
E13,,,TDO_0,,,,,,,,,,,,
E14,,,GND,,,,,,,,,,,,
E15,RAA<19>,IOB,IO_L11P_T1_SRCC_15,INPUT,LVCMOS18*,15,,,,NONE,,UNLOCATED,NO,NONE,
E16,RAA<21>,IOB,IO_L11N_T1_SRCC_15,INPUT,LVCMOS18*,15,,,,NONE,,UNLOCATED,NO,NONE,
E17,RAA<28>,IOB,IO_L16P_T2_A28_15,INPUT,LVCMOS18*,15,,,,NONE,,UNLOCATED,NO,NONE,
E18,PCa1<5>,IOB,IO_L21P_T3_DQS_15,OUTPUT,LVCMOS18*,15,12,SLOW,,,,UNLOCATED,NO,NONE,
F1,BrA<30>,IOB,IO_L18P_T2_35,INPUT,LVCMOS18*,35,,,,NONE,,UNLOCATED,NO,NONE,
F2,,,VCCO_35,,,35,,,,,1.80,,,,
F3,BrA<22>,IOB,IO_L13N_T2_MRCC_35,INPUT,LVCMOS18*,35,,,,NONE,,UNLOCATED,NO,NONE,
F4,RESET,IOB,IO_L13P_T2_MRCC_35,INPUT,LVCMOS18*,35,,,,NONE,,UNLOCATED,NO,NONE,
F5,Z,IOB,IO_0_35,INPUT,LVCMOS18*,35,,,,NONE,,UNLOCATED,NO,NONE,
F6,PCa1<3>,IOB,IO_L19N_T3_VREF_35,OUTPUT,LVCMOS18*,35,12,SLOW,,,,UNLOCATED,NO,NONE,
F7,,,GND,,,,,,,,,,,,
F8,,,VCCINT,,,,,,,,1.0,,,,
F9,,,GND,,,,,,,,,,,,
F10,,,VCCBRAM,,,,,,,,,,,,
F11,,,GND,,,,,,,,,,,,
F12,,,VCCAUX,,,,,,,,1.8,,,,
F13,BS1,IOB,IO_L5P_T0_AD9P_15,INPUT,LVCMOS18*,15,,,,NONE,,UNLOCATED,NO,NONE,
F14,RAA<9>,IOB,IO_L5N_T0_AD9N_15,INPUT,LVCMOS18*,15,,,,NONE,,UNLOCATED,NO,NONE,
F15,PCa1<1>,IOB,IO_L14P_T2_SRCC_15,OUTPUT,LVCMOS18*,15,12,SLOW,,,,UNLOCATED,NO,NONE,
F16,RAA<24>,IOB,IO_L14N_T2_SRCC_15,INPUT,LVCMOS18*,15,,,,NONE,,UNLOCATED,NO,NONE,
F17,,,GND,,,,,,,,,,,,
F18,PCtoIR<8>,IOB,IO_L22N_T3_A16_15,OUTPUT,LVCMOS18*,15,12,SLOW,,,,UNLOCATED,NO,NONE,
G1,BrA<26>,IOB,IO_L17N_T2_35,INPUT,LVCMOS18*,35,,,,NONE,,UNLOCATED,NO,NONE,
G2,BrA<25>,IOB,IO_L15N_T2_DQS_35,INPUT,LVCMOS18*,35,,,,NONE,,UNLOCATED,NO,NONE,
G3,PCtoIR<0>,IOB,IO_L20N_T3_35,OUTPUT,LVCMOS18*,35,12,SLOW,,,,UNLOCATED,NO,NONE,
G4,PCa1<4>,IOB,IO_L20P_T3_35,OUTPUT,LVCMOS18*,35,12,SLOW,,,,UNLOCATED,NO,NONE,
G5,,,VCCO_35,,,35,,,,,1.80,,,,
G6,PCtoIR<3>,IOB,IO_L19P_T3_35,OUTPUT,LVCMOS18*,35,12,SLOW,,,,UNLOCATED,NO,NONE,
G7,,,VCCINT,,,,,,,,1.0,,,,
G8,,,GND,,,,,,,,,,,,
G9,,,VCCINT,,,,,,,,1.0,,,,
G10,,,GND,,,,,,,,,,,,
G11,,,VCCBRAM,,,,,,,,,,,,
G12,,,GND,,,,,,,,,,,,
G13,BrA<0>,IOB,IO_0_15,INPUT,LVCMOS18*,15,,,,NONE,,UNLOCATED,NO,NONE,
G14,RAA<29>,IOB,IO_L15N_T2_DQS_ADV_B_15,INPUT,LVCMOS18*,15,,,,NONE,,UNLOCATED,NO,NONE,
G15,,,VCCO_15,,,15,,,,,1.80,,,,
G16,RAA<25>,IOB,IO_L13N_T2_MRCC_15,INPUT,LVCMOS18*,15,,,,NONE,,UNLOCATED,NO,NONE,
G17,BrA<27>,IOB,IO_L18N_T2_A23_15,INPUT,LVCMOS18*,15,,,,NONE,,UNLOCATED,NO,NONE,
G18,PCa1<8>,IOB,IO_L22P_T3_A17_15,OUTPUT,LVCMOS18*,15,12,SLOW,,,,UNLOCATED,NO,NONE,
H1,PCtoIR<4>,IOB,IO_L17P_T2_35,OUTPUT,LVCMOS18*,35,12,SLOW,,,,UNLOCATED,NO,NONE,
H2,PCtoIR<2>,IOB,IO_L15P_T2_DQS_35,OUTPUT,LVCMOS18*,35,12,SLOW,,,,UNLOCATED,NO,NONE,
H3,,,GND,,,,,,,,,,,,
H4,PCa1<16>,IOB,IO_L21N_T3_DQS_35,OUTPUT,LVCMOS18*,35,12,SLOW,,,,UNLOCATED,NO,NONE,
H5,PCa1<10>,IOB,IO_L24N_T3_35,OUTPUT,LVCMOS18*,35,12,SLOW,,,,UNLOCATED,NO,NONE,
H6,PCtoIR<7>,IOB,IO_L24P_T3_35,OUTPUT,LVCMOS18*,35,12,SLOW,,,,UNLOCATED,NO,NONE,
H7,,,GND,,,,,,,,,,,,
H8,,,VCCINT,,,,,,,,1.0,,,,
H9,,,GNDADC_0,,,,,,,,,,,,
H10,,,VCCADC_0,,,,,,,,,,,,
H11,,,GND,,,,,,,,,,,,
H12,,,VCCAUX,,,,,,,,1.8,,,,
H13,,,GND,,,,,,,,,,,,
H14,RAA<27>,IOB,IO_L15P_T2_DQS_15,INPUT,LVCMOS18*,15,,,,NONE,,UNLOCATED,NO,NONE,
H15,RAA<30>,IOB,IO_L19N_T3_A21_VREF_15,INPUT,LVCMOS18*,15,,,,NONE,,UNLOCATED,NO,NONE,
H16,RAA<23>,IOB,IO_L13P_T2_MRCC_15,INPUT,LVCMOS18*,15,,,,NONE,,UNLOCATED,NO,NONE,
H17,BrA<28>,IOB,IO_L18P_T2_A24_15,INPUT,LVCMOS18*,15,,,,NONE,,UNLOCATED,NO,NONE,
H18,,,VCCO_15,,,15,,,,,1.80,,,,
J1,,,VCCO_35,,,35,,,,,1.80,,,,
J2,PCtoIR<12>,IOB,IO_L22N_T3_35,OUTPUT,LVCMOS18*,35,12,SLOW,,,,UNLOCATED,NO,NONE,
J3,PCtoIR<13>,IOB,IO_L22P_T3_35,OUTPUT,LVCMOS18*,35,12,SLOW,,,,UNLOCATED,NO,NONE,
J4,PCtoIR<16>,IOB,IO_L21P_T3_DQS_35,OUTPUT,LVCMOS18*,35,12,SLOW,,,,UNLOCATED,NO,NONE,
J5,PC1<0>,IOB,IO_25_35,OUTPUT,LVCMOS18*,35,12,SLOW,,,,UNLOCATED,NO,NONE,
J6,,,GND,,,,,,,,,,,,
J7,,,VCCINT,,,,,,,,1.0,,,,
J8,,,GND,,,,,,,,,,,,
J9,,,VREFN_0,,,,,,,,,,,,
J10,,IPAD,VP_0,UNUSED,,0,,,,,,,,,
J11,,,VCCINT,,,,,,,,1.0,,,,
J12,,,GND,,,,,,,,,,,,
J13,BrA<23>,IOB,IO_L17N_T2_A25_15,INPUT,LVCMOS18*,15,,,,NONE,,UNLOCATED,NO,NONE,
J14,BrA<29>,IOB,IO_L19P_T3_A22_15,INPUT,LVCMOS18*,15,,,,NONE,,UNLOCATED,NO,NONE,
J15,PCtoIR<5>,IOB,IO_L24N_T3_RS0_15,OUTPUT,LVCMOS18*,15,12,SLOW,,,,UNLOCATED,NO,NONE,
J16,,,GND,,,,,,,,,,,,
J17,PCa1<13>,IOB,IO_L23P_T3_FOE_B_15,OUTPUT,LVCMOS18*,15,12,SLOW,,,,UNLOCATED,NO,NONE,
J18,PCa1<12>,IOB,IO_L23N_T3_FWE_B_15,OUTPUT,LVCMOS18*,15,12,SLOW,,,,UNLOCATED,NO,NONE,
K1,PCtoIR<14>,IOB,IO_L23N_T3_35,OUTPUT,LVCMOS18*,35,12,SLOW,,,,UNLOCATED,NO,NONE,
K2,PCa1<14>,IOB,IO_L23P_T3_35,OUTPUT,LVCMOS18*,35,12,SLOW,,,,UNLOCATED,NO,NONE,
K3,PCa1<15>,IOB,IO_L2P_T0_34,OUTPUT,LVCMOS18*,34,12,SLOW,,,,UNLOCATED,NO,NONE,
K4,,,VCCO_34,,,34,,,,,1.80,,,,
K5,PCtoIR<23>,IOB,IO_L5P_T0_34,OUTPUT,LVCMOS18*,34,12,SLOW,,,,UNLOCATED,NO,NONE,
K6,PCtoIR<10>,IOB,IO_0_34,OUTPUT,LVCMOS18*,34,12,SLOW,,,,UNLOCATED,NO,NONE,
K7,,,GND,,,,,,,,,,,,
K8,,,VCCINT,,,,,,,,1.0,,,,
K9,,IPAD,VN_0,UNUSED,,0,,,,,,,,,
K10,,,VREFP_0,,,,,,,,,,,,
K11,,,GND,,,,,,,,,,,,
K12,,,VCCAUX,,,,,,,,1.8,,,,
K13,RAA<26>,IOB,IO_L17P_T2_A26_15,INPUT,LVCMOS18*,15,,,,NONE,,UNLOCATED,NO,NONE,
K14,,,VCCO_15,,,15,,,,,1.80,,,,
K15,PCa1<11>,IOB,IO_L24P_T3_RS1_15,OUTPUT,LVCMOS18*,15,12,SLOW,,,,UNLOCATED,NO,NONE,
K16,PCtoIR<11>,IOB,IO_25_15,OUTPUT,LVCMOS18*,15,12,SLOW,,,,UNLOCATED,NO,NONE,
K17,PCa1<17>,IOB,IO_L1P_T0_D00_MOSI_14,OUTPUT,LVCMOS18*,14,12,SLOW,,,,UNLOCATED,NO,NONE,
K18,PCtoIR<9>,IOB,IO_L1N_T0_D01_DIN_14,OUTPUT,LVCMOS18*,14,12,SLOW,,,,UNLOCATED,NO,NONE,
L1,PCtoIR<18>,IOB,IO_L1P_T0_34,OUTPUT,LVCMOS18*,34,12,SLOW,,,,UNLOCATED,NO,NONE,
L2,,,GND,,,,,,,,,,,,
L3,PCtoIR<15>,IOB,IO_L2N_T0_34,OUTPUT,LVCMOS18*,34,12,SLOW,,,,UNLOCATED,NO,NONE,
L4,PCa1<23>,IOB,IO_L5N_T0_34,OUTPUT,LVCMOS18*,34,12,SLOW,,,,UNLOCATED,NO,NONE,
L5,PCtoIR<26>,IOB,IO_L6N_T0_VREF_34,OUTPUT,LVCMOS18*,34,12,SLOW,,,,UNLOCATED,NO,NONE,
L6,PCa1<26>,IOB,IO_L6P_T0_34,OUTPUT,LVCMOS18*,34,12,SLOW,,,,UNLOCATED,NO,NONE,
L7,,,VCCINT,,,,,,,,1.0,,,,
L8,,,GND,,,,,,,,,,,,
L9,,,DXN_0,,,,,,,,,,,,
L10,,,DXP_0,,,,,,,,,,,,
L11,,,VCCINT,,,,,,,,1.0,,,,
L12,,,GND,,,,,,,,,,,,
L13,PCtoIR<25>,IOB,IO_L6P_T0_FCS_B_14,OUTPUT,LVCMOS18*,14,12,SLOW,,,,UNLOCATED,NO,NONE,
L14,PCtoIR<17>,IOB,IO_L2P_T0_D02_14,OUTPUT,LVCMOS18*,14,12,SLOW,,,,UNLOCATED,NO,NONE,
L15,PCa1<21>,IOB,IO_L3P_T0_DQS_PUDC_B_14,OUTPUT,LVCMOS18*,14,12,SLOW,,,,UNLOCATED,NO,NONE,
L16,PCtoIR<20>,IOB,IO_L3N_T0_DQS_EMCCLK_14,OUTPUT,LVCMOS18*,14,12,SLOW,,,,UNLOCATED,NO,NONE,
L17,,,VCCO_14,,,14,,,,,1.80,,,,
L18,PCtoIR<21>,IOB,IO_L4P_T0_D04_14,OUTPUT,LVCMOS18*,14,12,SLOW,,,,UNLOCATED,NO,NONE,
M1,PCa1<18>,IOB,IO_L1N_T0_34,OUTPUT,LVCMOS18*,34,12,SLOW,,,,UNLOCATED,NO,NONE,
M2,PCtoIR<22>,IOB,IO_L4N_T0_34,OUTPUT,LVCMOS18*,34,12,SLOW,,,,UNLOCATED,NO,NONE,
M3,PCa1<22>,IOB,IO_L4P_T0_34,OUTPUT,LVCMOS18*,34,12,SLOW,,,,UNLOCATED,NO,NONE,
M4,PC1<13>,IOB,IO_L16P_T2_34,OUTPUT,LVCMOS18*,34,12,SLOW,,,,UNLOCATED,NO,NONE,
M5,,,GND,,,,,,,,,,,,
M6,PC1<17>,IOB,IO_L18P_T2_34,OUTPUT,LVCMOS18*,34,12,SLOW,,,,UNLOCATED,NO,NONE,
M7,,,GND,,,,,,,,,,,,
M8,,,VCCINT,,,,,,,,1.0,,,,
M9,,,GND,,,,,,,,,,,,
M10,,,VCCINT,,,,,,,,1.0,,,,
M11,,,GND,,,,,,,,,,,,
M12,,,VCCAUX,,,,,,,,1.8,,,,
M13,PCa1<28>,IOB,IO_L6N_T0_D08_VREF_14,OUTPUT,LVCMOS18*,14,12,SLOW,,,,UNLOCATED,NO,NONE,
M14,PCa1<20>,IOB,IO_L2N_T0_D03_14,OUTPUT,LVCMOS18*,14,12,SLOW,,,,UNLOCATED,NO,NONE,
M15,,,GND,,,,,,,,,,,,
M16,,IOB33M,IO_L10P_T1_D14_14,UNUSED,,14,,,,,,,,,
M17,,IOB33S,IO_L10N_T1_D15_14,UNUSED,,14,,,,,,,,,
M18,PCa1<24>,IOB,IO_L4N_T0_D05_14,OUTPUT,LVCMOS18*,14,12,SLOW,,,,UNLOCATED,NO,NONE,
N1,PCa1<19>,IOB,IO_L3N_T0_DQS_34,OUTPUT,LVCMOS18*,34,12,SLOW,,,,UNLOCATED,NO,NONE,
N2,PCtoIR<19>,IOB,IO_L3P_T0_DQS_34,OUTPUT,LVCMOS18*,34,12,SLOW,,,,UNLOCATED,NO,NONE,
N3,,,VCCO_34,,,34,,,,,1.80,,,,
N4,PC1<14>,IOB,IO_L16N_T2_34,OUTPUT,LVCMOS18*,34,12,SLOW,,,,UNLOCATED,NO,NONE,
N5,PC1<7>,IOB,IO_L13P_T2_MRCC_34,OUTPUT,LVCMOS18*,34,12,SLOW,,,,UNLOCATED,NO,NONE,
N6,PC1<18>,IOB,IO_L18N_T2_34,OUTPUT,LVCMOS18*,34,12,SLOW,,,,UNLOCATED,NO,NONE,
N7,,,VCCINT,,,,,,,,1.0,,,,
N8,,,GND,,,,,,,,,,,,
N9,,,VCCINT,,,,,,,,1.0,,,,
N10,,,GND,,,,,,,,,,,,
N11,,,VCCINT,,,,,,,,1.0,,,,
N12,,,GND,,,,,,,,,,,,
N13,,,VCCO_14,,,14,,,,,1.80,,,,
N14,PCtoIR<29>,IOB,IO_L8P_T1_D11_14,OUTPUT,LVCMOS18*,14,12,SLOW,,,,UNLOCATED,NO,NONE,
N15,,IOB33M,IO_L11P_T1_SRCC_14,UNUSED,,14,,,,,,,,,
N16,,IOB33S,IO_L11N_T1_SRCC_14,UNUSED,,14,,,,,,,,,
N17,,IOB33M,IO_L9P_T1_DQS_14,UNUSED,,14,,,,,,,,,
N18,,,GND,,,,,,,,,,,,
P1,,,GND,,,,,,,,,,,,
P2,PC1<11>,IOB,IO_L15P_T2_DQS_34,OUTPUT,LVCMOS18*,34,12,SLOW,,,,UNLOCATED,NO,NONE,
P3,PC1<10>,IOB,IO_L14N_T2_SRCC_34,OUTPUT,LVCMOS18*,34,12,SLOW,,,,UNLOCATED,NO,NONE,
P4,PC1<9>,IOB,IO_L14P_T2_SRCC_34,OUTPUT,LVCMOS18*,34,12,SLOW,,,,UNLOCATED,NO,NONE,
P5,PC1<8>,IOB,IO_L13N_T2_MRCC_34,OUTPUT,LVCMOS18*,34,12,SLOW,,,,UNLOCATED,NO,NONE,
P6,,,VCCO_34,,,34,,,,,1.80,,,,
P7,,,INIT_B_0,,,,,,,,,,,,
P8,,,CFGBVS_0,,,,,,,,,,,,
P9,,,PROGRAM_B_0,,,,,,,,,,,,
P10,,,DONE_0,,,,,,,,,,,,
P11,,,M2_0,,,,,,,,,,,,
P12,,,M0_0,,,,,,,,,,,,
P13,,,M1_0,,,,,,,,,,,,
P14,,IOB33S,IO_L8N_T1_D12_14,UNUSED,,14,,,,,,,,,
P15,,IOB33M,IO_L13P_T2_MRCC_14,UNUSED,,14,,,,,,,,,
P16,,,VCCO_14,,,14,,,,,1.80,,,,
P17,,IOB33M,IO_L12P_T1_MRCC_14,UNUSED,,14,,,,,,,,,
P18,,IOB33S,IO_L9N_T1_DQS_D13_14,UNUSED,,14,,,,,,,,,
R1,PC1<15>,IOB,IO_L17P_T2_34,OUTPUT,LVCMOS18*,34,12,SLOW,,,,UNLOCATED,NO,NONE,
R2,PC1<12>,IOB,IO_L15N_T2_DQS_34,OUTPUT,LVCMOS18*,34,12,SLOW,,,,UNLOCATED,NO,NONE,
R3,PC1<3>,IOB,IO_L11P_T1_SRCC_34,OUTPUT,LVCMOS18*,34,12,SLOW,,,,UNLOCATED,NO,NONE,
R4,,,GND,,,,,,,,,,,,
R5,PC1<20>,IOB,IO_L19N_T3_VREF_34,OUTPUT,LVCMOS18*,34,12,SLOW,,,,UNLOCATED,NO,NONE,
R6,PC1<19>,IOB,IO_L19P_T3_34,OUTPUT,LVCMOS18*,34,12,SLOW,,,,UNLOCATED,NO,NONE,
R7,PC1<27>,IOB,IO_L23P_T3_34,OUTPUT,LVCMOS18*,34,12,SLOW,,,,UNLOCATED,NO,NONE,
R8,PC1<29>,IOB,IO_L24P_T3_34,OUTPUT,LVCMOS18*,34,12,SLOW,,,,UNLOCATED,NO,NONE,
R9,,,VCCO_0,,,0,,,,,any******,,,,
R10,,IOB33,IO_25_14,UNUSED,,14,,,,,,,,,
R11,PCa1<9>,IOB,IO_0_14,OUTPUT,LVCMOS18*,14,12,SLOW,,,,UNLOCATED,NO,NONE,
R12,PCa1<25>,IOB,IO_L5P_T0_D06_14,OUTPUT,LVCMOS18*,14,12,SLOW,,,,UNLOCATED,NO,NONE,
R13,PCtoIR<24>,IOB,IO_L5N_T0_D07_14,OUTPUT,LVCMOS18*,14,12,SLOW,,,,UNLOCATED,NO,NONE,
R14,,,GND,,,,,,,,,,,,
R15,,IOB33S,IO_L13N_T2_MRCC_14,UNUSED,,14,,,,,,,,,
R16,,IOB33M,IO_L15P_T2_DQS_RDWR_B_14,UNUSED,,14,,,,,,,,,
R17,,IOB33S,IO_L12N_T1_MRCC_14,UNUSED,,14,,,,,,,,,
R18,PCa1<29>,IOB,IO_L7P_T1_D09_14,OUTPUT,LVCMOS18*,14,12,SLOW,,,,UNLOCATED,NO,NONE,
T1,PC1<16>,IOB,IO_L17N_T2_34,OUTPUT,LVCMOS18*,34,12,SLOW,,,,UNLOCATED,NO,NONE,
T2,,,VCCO_34,,,34,,,,,1.80,,,,
T3,PC1<4>,IOB,IO_L11N_T1_SRCC_34,OUTPUT,LVCMOS18*,34,12,SLOW,,,,UNLOCATED,NO,NONE,
T4,PC1<6>,IOB,IO_L12N_T1_MRCC_34,OUTPUT,LVCMOS18*,34,12,SLOW,,,,UNLOCATED,NO,NONE,
T5,PC1<5>,IOB,IO_L12P_T1_MRCC_34,OUTPUT,LVCMOS18*,34,12,SLOW,,,,UNLOCATED,NO,NONE,
T6,PC1<28>,IOB,IO_L23N_T3_34,OUTPUT,LVCMOS18*,34,12,SLOW,,,,UNLOCATED,NO,NONE,
T7,,,GND,,,,,,,,,,,,
T8,PC1<30>,IOB,IO_L24N_T3_34,OUTPUT,LVCMOS18*,34,12,SLOW,,,,UNLOCATED,NO,NONE,
T9,,IOB33M,IO_L24P_T3_A01_D17_14,UNUSED,,14,,,,,,,,,
T10,,IOB33S,IO_L24N_T3_A00_D16_14,UNUSED,,14,,,,,,,,,
T11,,IOB33M,IO_L19P_T3_A10_D26_14,UNUSED,,14,,,,,,,,,
T12,,,VCCO_14,,,14,,,,,1.80,,,,
T13,,IOB33M,IO_L23P_T3_A03_D19_14,UNUSED,,14,,,,,,,,,
T14,,IOB33M,IO_L14P_T2_SRCC_14,UNUSED,,14,,,,,,,,,
T15,,IOB33S,IO_L14N_T2_SRCC_14,UNUSED,,14,,,,,,,,,
T16,,IOB33S,IO_L15N_T2_DQS_DOUT_CSO_B_14,UNUSED,,14,,,,,,,,,
T17,,,GND,,,,,,,,,,,,
T18,PCtoIR<28>,IOB,IO_L7N_T1_D10_14,OUTPUT,LVCMOS18*,14,12,SLOW,,,,UNLOCATED,NO,NONE,
U1,PCtoIR<27>,IOB,IO_L7P_T1_34,OUTPUT,LVCMOS18*,34,12,SLOW,,,,UNLOCATED,NO,NONE,
U2,PCtoIR<31>,IOB,IO_L9P_T1_DQS_34,OUTPUT,LVCMOS18*,34,12,SLOW,,,,UNLOCATED,NO,NONE,
U3,PCtoIR<30>,IOB,IO_L8N_T1_34,OUTPUT,LVCMOS18*,34,12,SLOW,,,,UNLOCATED,NO,NONE,
U4,PCa1<30>,IOB,IO_L8P_T1_34,OUTPUT,LVCMOS18*,34,12,SLOW,,,,UNLOCATED,NO,NONE,
U5,,,VCCO_34,,,34,,,,,1.80,,,,
U6,PC1<26>,IOB,IO_L22N_T3_34,OUTPUT,LVCMOS18*,34,12,SLOW,,,,UNLOCATED,NO,NONE,
U7,PC1<25>,IOB,IO_L22P_T3_34,OUTPUT,LVCMOS18*,34,12,SLOW,,,,UNLOCATED,NO,NONE,
U8,PC1<31>,IOB,IO_25_34,OUTPUT,LVCMOS18*,34,12,SLOW,,,,UNLOCATED,NO,NONE,
U9,PC1<23>,IOB,IO_L21P_T3_DQS_34,OUTPUT,LVCMOS18*,34,12,SLOW,,,,UNLOCATED,NO,NONE,
U10,,,GND,,,,,,,,,,,,
U11,,IOB33S,IO_L19N_T3_A09_D25_VREF_14,UNUSED,,14,,,,,,,,,
U12,,IOB33M,IO_L20P_T3_A08_D24_14,UNUSED,,14,,,,,,,,,
U13,,IOB33S,IO_L23N_T3_A02_D18_14,UNUSED,,14,,,,,,,,,
U14,,IOB33M,IO_L22P_T3_A05_D21_14,UNUSED,,14,,,,,,,,,
U15,,,VCCO_14,,,14,,,,,1.80,,,,
U16,,IOB33M,IO_L18P_T2_A12_D28_14,UNUSED,,14,,,,,,,,,
U17,,IOB33M,IO_L17P_T2_A14_D30_14,UNUSED,,14,,,,,,,,,
U18,,IOB33S,IO_L17N_T2_A13_D29_14,UNUSED,,14,,,,,,,,,
V1,PCa1<27>,IOB,IO_L7N_T1_34,OUTPUT,LVCMOS18*,34,12,SLOW,,,,UNLOCATED,NO,NONE,
V2,PCa1<31>,IOB,IO_L9N_T1_DQS_34,OUTPUT,LVCMOS18*,34,12,SLOW,,,,UNLOCATED,NO,NONE,
V3,,,GND,,,,,,,,,,,,
V4,PC1<2>,IOB,IO_L10N_T1_34,OUTPUT,LVCMOS18*,34,12,SLOW,,,,UNLOCATED,NO,NONE,
V5,PC1<1>,IOB,IO_L10P_T1_34,OUTPUT,LVCMOS18*,34,12,SLOW,,,,UNLOCATED,NO,NONE,
V6,PC1<22>,IOB,IO_L20N_T3_34,OUTPUT,LVCMOS18*,34,12,SLOW,,,,UNLOCATED,NO,NONE,
V7,PC1<21>,IOB,IO_L20P_T3_34,OUTPUT,LVCMOS18*,34,12,SLOW,,,,UNLOCATED,NO,NONE,
V8,,,VCCO_34,,,34,,,,,1.80,,,,
V9,PC1<24>,IOB,IO_L21N_T3_DQS_34,OUTPUT,LVCMOS18*,34,12,SLOW,,,,UNLOCATED,NO,NONE,
V10,,IOB33M,IO_L21P_T3_DQS_14,UNUSED,,14,,,,,,,,,
V11,,IOB33S,IO_L21N_T3_DQS_A06_D22_14,UNUSED,,14,,,,,,,,,
V12,,IOB33S,IO_L20N_T3_A07_D23_14,UNUSED,,14,,,,,,,,,
V13,,,GND,,,,,,,,,,,,
V14,,IOB33S,IO_L22N_T3_A04_D20_14,UNUSED,,14,,,,,,,,,
V15,,IOB33M,IO_L16P_T2_CSI_B_14,UNUSED,,14,,,,,,,,,
V16,,IOB33S,IO_L16N_T2_A15_D31_14,UNUSED,,14,,,,,,,,,
V17,,IOB33S,IO_L18N_T2_A11_D27_14,UNUSED,,14,,,,,,,,,
V18,,,VCCO_14,,,14,,,,,1.80,,,,

# -----,-----,-----,-----,-----,-----,-----,-----,-----,-----,-----,-----,-----,-----,-----,
# 
#* Default value.
#** This default Pullup/Pulldown value can be overridden in Bitgen. 
#All RSVD_0 pins must be tied to GROUND.
#****** Special VCCO requirements may apply. Please consult the device 
#       family datasheet for specific guideline on VCCO requirements. 
#
#
#